id,CVE_SUN,P_TOTAL_1990,P_TOTAL_2000,P_TOTAL_2010,P_TOTAL_2020,CVEGEO,CVE_ENT_x,CVE_MUN_x,NOMGEO,CVE_ENT_y,NOM_ENT,CVE_MUN_y,NOM_MUN,CVE_LOC,NOM_LOC,NOM_SUN,POB_2018,mts_built_up_2020,mts_built_up_1975,mts_built_up_1980,mts_built_up_1985,mts_built_up_1990,mts_built_up_1995,mts_built_up_2000,mts_built_up_2005,mts_built_up_2010,mts_built_up_2015,density_1990,density_2000,density_2010,density_2020,built_up_parsed_1990,built_up_parsed_2000,built_up_parsed_2010,built_up_parsed_2020,poblation_change,surface_change
0,M01.01,547366.0,707516,896600,1078919,1001,01,001,Aguascalientes,1,Aguascalientes,1001,Aguascalientes,,,Aguascalientes,897331,10270053810,10215261376,10217695757,10221029037,10225249742,10229992490,10237839368,10242265364,10249713823,10259434440,0.00029891850324479914,0.0003863769831186945,0.0004896364224472965,0.0005892014714146941,5.584044950148363,5.590920189312527,5.597404871071072,5.608512609714062,1.9711107376051855,1.0043817089196334
1,M02.01,259979.0,370730,466814,443807,2001,02,001,Ensenada,2,Baja California,2001,Ensenada,,,Ensenada,542896,674247724312,674230176252,674231633121,674233552298,674235766286,674236282269,674237012514,674238665568,674241179468,674244297883,1.3038841358119006e-05,1.8593385068391906e-05,2.3412328264009652e-05,2.2258448053968672e-05,33.81524351802629,33.81530602064838,33.81551500772869,33.8158432541741,1.7070878801749372,1.000017735674371
2,M02.02,601938.0,764602,936826,1049792,2002,02,002,Mexicali,2,Baja California,2002,Mexicali,,,Mexicali,1065882,291514523181,291481915543,291483805134,291486253627,291489185509,291491278505,291494269195,291497875958,291503045106,291509122521,4.096599738576809e-05,5.2036394999407004e-05,6.375741599121434e-05,7.144552483411954e-05,19.83783248696936,19.83817846656757,19.83877572732712,19.83955688882622,1.7440201482544715,1.0000869249126885
3,M02.03,798938.0,1288615,1660762,2030963,2003,02,003,Tecate,2,Baja California,2003,Tecate,,,Tijuana,115570,30060135944,30009117080,30010810843,30013268455,30016500356,30023073119,30032875344,30036788099,30042934968,30050895422,0.00017929429966350889,0.00028918554876710393,0.00037270121047912146,0.00045578015907053987,6.736176536450244,6.739851342261781,6.742108880693999,6.745969051252225,2.5420783590216014,1.001453720036729
4,M03.01,160970.0,196907,251871,292241,3003,03,003,La Paz,3,Baja California Sur,3003,La Paz,,,La Paz,313204,170579342617,170570218910,170570350191,170570501079,170570663798,170571468518,170572585192,170573816112,170575488994,170577443098,1.0118184168608842e-05,1.2377096913016471e-05,1.5832000774875305e-05,1.8369561158094157e-05,10.721658632478256,10.721779406649546,10.721961932607334,10.72220416201176,1.8154997825681805,1.000050881076539
5,M04.01,173645.0,216897,259005,294077,4002,04,002,Campeche,4,Campeche,4002,Campeche,,,Campeche,298741,116970363166,116961637209,116962222853,116962948159,116963785130,116964576465,116965631749,116966424783,116967585174,116969008880,5.357222826937537e-05,6.691615419357143e-05,7.9907138028216e-05,9.0727404605794e-05,36.08517720771996,36.085746918881206,36.08634958138233,36.087206635841454,1.6935529384664114,1.0000562399377952
6,M05.01,929270.0,1053743,1271493,1434283,5009,05,009,Francisco I. Madero,5,Coahuila de Zaragoza,5009,Francisco I. Madero,,,La Laguna,61322,186604066866,186535514940,186539414548,186544145752,186549898846,186555242203,186563203395,186570981221,186581944080,186594506316,0.0001173025433211404,0.0001330148760928992,0.00016050164399477736,0.00018105076430130663,23.548352568077387,23.55003201262573,23.55239766524992,23.55519024336301,1.54345131124431,1.0002903674584391
7,M05.02,281628.0,302899,339462,374247,5006,05,006,Castaños,5,Coahuila de Zaragoza,5006,Castaños,,,Monclova-Frontera,28546,101181943505,101163255830,101165149831,101167514180,101170381132,101171649367,101173565895,101174786980,101176530659,101178713100,2.4404779839941425e-05,2.6248041418958405e-05,2.9416447846187866e-05,3.243077975470677e-05,8.767029122989987,8.767305102082469,8.767562016922959,8.76803107296475,1.328869998721718,1.0001142861465049
8,M05.03,115100.0,151149,180734,209456,5022,05,022,Nava,5,Coahuila de Zaragoza,5022,Nava,,,Piedras Negras,30726,13898679952,13889357607,13889894594,13890659960,13891610854,13892321210,13893446297,13894387940,13895779804,13897397073,8.29603933176797e-05,0.00010894335785902666,0.00013026727824394025,0.0001509691758709637,10.012628151728832,10.013951080253523,10.0156329973563,10.017723331142221,1.8197741094700262,1.0005088753258564
9,M05.04,486580.0,637273,823128,1031779,5004,05,004,Arteaga,5,Coahuila de Zaragoza,5004,Arteaga,,,Saltillo,25362,129448644043,129381372011,129384874471,129390849736,129399946444,129402347827,129406839584,129411268182,129418666425,129429429616,3.458598702369598e-05,4.5297208493057275e-05,5.8507736295862605e-05,7.333859818595507e-05,9.197716446584609,9.198206409284664,9.199047058241376,9.201177859974184,2.1204714538205436,1.0003763339965606
10,M06.01,211733.0,275677,334240,380575,6002,06,002,Colima,6,Colima,6002,Colima,,,Colima-Villa de Álvarez,168040,17707639818,17693066249,17693290610,17693592407,17693975761,17696128773,17699125920,17701001721,17703446660,17706109540,9.207148727141483e-05,0.00011987735212046221,0.0001453433045656449,0.00016549194631124435,7.694174569196271,7.6964141010539135,7.69829296244025,7.700116345160109,1.7974288372620233,1.000772243456449
11,M06.02,110481.0,127863,141421,143931,6001,06,001,Armería,6,Colima,6001,Armería,,,Tecomán,33168,701551713286,701545647289,701545679697,701545725585,701545785611,701547119688,701548961581,701549615530,701550440879,701551258842,8.160361044282121e-05,9.444232440012716e-05,0.0001044565508316744,0.000106310490081061,518.1766004725067,518.1789463113265,518.1800389522125,518.1809787790166,1.3027669916094171,1.0000084494485202
12,M07.01,222405.0,271674,320451,353706,7089,07,089,Tapachula,7,Chiapas,7089,Tapachula,,,Tapachula,369198,13993202715,13976675304,13977712954,13979079537,13980756501,13982774711,13985948900,13987229614,13989227230,13991495627,0.0002255934969495057,0.0002755688392358985,0.00032504512799157414,0.00035877688645498916,14.181190841303591,14.186457680843922,14.189783010440173,14.193815489760425,1.5903689215620151,1.000890238950883
13,M07.02,397602.0,565808,738261,848274,7012,07,012,Berriozábal,7,Chiapas,7012,Berriozábal,,,Tuxtla Gutiérrez,52744,15933461927,15908832623,15910058743,15911619870,15913435662,15915739048,15918910409,15920961669,15923911783,15927836358,0.00018656074146936356,0.0002654854855088698,0.00034640298478859214,0.0003980227121824913,7.466819473814851,7.469388306113675,7.471735024796693,7.476216093669032,2.13347518372644,1.0012584501188402
14,M08.01,551868.0,696495,852533,988065,8002,08,002,Aldama,8,Chihuahua,8002,Aldama,,,Chihuahua,25755,125516340178,125459204961,125461574487,125464401068,125467842852,125472152961,125479217639,125484408778,125492870485,125503689879,3.0392185058477924e-05,3.835700735013551e-05,4.695025024908014e-05,5.4414197470781044e-05,6.909699237582195,6.910325663886138,6.911077546260559,6.912370056884335,1.7904009654482593,1.000386531918439
15,M08.02,139009.0,156444,181768,195359,8021,08,021,Delicias,8,Chihuahua,8021,Delicias,,,Delicias,157163,12421391936,12410991880,12411362397,12411810793,12412360972,12413109359,12414342241,12415547859,12417447158,12419668913,0.00014392046020918374,0.00016197147290438418,0.00018819021941962684,0.00020226141606662825,12.850913993861916,12.85296526497586,12.856179884774228,12.860264039506532,1.405369436511305,1.0007275782601208
16,M08.03,100133.0,106875,111814,121666,8032,08,032,Hidalgo del Parral,8,Chihuahua,8032,Hidalgo del Parral,,,Hidalgo del Parral,119343,28944140160,28938544405,28938698472,28938880456,28939089658,28939514969,28940078726,28940645429,28941486048,28942588398,4.149739915238591e-05,4.429143773192897e-05,4.6338271986506724e-05,5.042116550262335e-05,11.993018831401326,11.993428723740363,11.994011950077036,11.995111874627973,1.2150439914913165,1.000174521799396
17,M08.04,798499.0,1218817,1332131,1512450,8037,08,037,Juárez,8,Chihuahua,8037,Juárez,,,Juárez,1462133,18065290335,18008121616,18012637244,18018791231,18026801892,18031975544,18042669013,18047015140,18052940535,18059657379,0.00022439994420079255,0.0003425207380234382,0.0003743650550196631,0.00042503960005771917,5.06602179675058,5.0704808894570546,5.073367466601995,5.0768380964097855,1.894116335774998,1.0021350677302934
18,M09.01,7328051.0,9467977,10897901,12187957,9002,09,002,Azcapotzalco,9,Distrito Federal,9002,Azcapotzalco,,,Valle de México,400567,43373529286,43043701993,43059717602,43082142722,43110763375,43149104668,43207295057,43236750165,43277798588,43326232477,0.0009267554011931774,0.0011973850650224428,0.001378223024569361,0.0015413723211342544,5.4520817073110255,5.464289763406672,5.4732061216794845,5.485312879865459,1.663192163919165,1.0060951347280567
19,M10.01,413835.0,491436,582267,688697,10005,10,005,Durango,10,Durango,10005,Durango,,,Durango,660663,60243416032,60220184446,60221756636,60223698526,60225983639,60228146985,60231404840,60233544708,60236697097,60240344452,4.4368125983212204e-05,5.268789338911855e-05,6.242607708837343e-05,7.383666258354246e-05,6.456955138057509,6.457536356487434,6.458103750558288,6.458824101796228,1.6641825848466176,1.0002894497017183
20,M11.01,480224.0,577900,690442,767104,11007,11,007,Celaya,11,Guanajuato,11007,Celaya,,,Celaya,510787,12189373535,12155486461,12157107939,12159364327,12162262346,12165658749,12170879762,12173462461,12177265238,12182132081,0.00031738795212779303,0.0003819436295034226,0.00045632449116041196,0.0005069916697812658,8.038239528299101,8.043934920484567,8.048155186758226,8.056157759700405,1.5973878856533619,1.0022291238446206
21,M11.02,119170.0,141196,171709,194500,11015,11,015,Guanajuato,11,Guanajuato,11015,Guanajuato,,,Guanajuato,187490,4912059900,4902538136,4902743539,4902988391,4903289699,4903756764,4904469450,4905263427,4906429935,4908166841,0.00011692435027134221,0.00013853529043309922,0.00016847330083697156,0.0001908348252729383,4.810891686227575,4.812049205898272,4.81397274735033,4.81949662080569,1.6321221784006041,1.0017886361072625
22,M11.03,983050.0,1269179,1609504,1924771,11020,11,020,León,11,Guanajuato,11020,León,,,León,1565633,8136749058,8069693115,8071546348,8073775593,8076369531,8082102560,8090925805,8098000652,8109331599,8123491170,0.0005557447183497147,0.0007175011707343193,0.0009098960858173431,0.0010881250366539838,4.565789848221161,4.574018903095634,4.584424195606222,4.599924025757099,1.9579583947917196,1.0074760728528136
23,M11.04,94901.0,100063,108669,108755,11021,11,021,Moroleón,11,Guanajuato,11021,Moroleón,,,Moroleón-Uriangato,51494,1992413190,1986160227,1986453265,1986874754,1987436870,1987993098,1988942867,1989292872,1989804116,1990588433,0.0003419792766577525,0.0003605807352947249,0.0003915927757886777,0.00039190267998138973,7.161802543761895,7.167229459860869,7.170333002605859,7.17973489762558,1.145983709339206,1.0025038883373438
24,M11.05,114034.0,145017,182365,214713,11025,11,025,Purísima del Rincón,11,Guanajuato,11025,Purísima del Rincón,,,San Francisco del Rincón,78569,8507858988,8493052065,8493580780,8494219144,8495045054,8496098530,8497718287,8499285488,8501722428,8504634288,0.00015845629694017494,0.0002015088202937137,0.0002534058490581318,0.00029835511237802565,11.804316095171513,11.808030694344026,11.813594660838985,11.822121736742236,1.8828858059876878,1.0015084009464983
25,M12.01,653973.0,791558,863431,852622,12001,12,001,Acapulco de Juárez,12,Guerrero,12001,Acapulco de Juárez,,,Acapulco,857883,24777290452,24759761651,24761180356,24763018735,24765165165,24766945557,24769375835,24771059094,24773259571,24775612226,0.0001837826931803939,0.00022244750325852325,0.00024264560548438647,0.00023960800740222273,6.959627922071666,6.960811225163222,6.961902651661994,6.9630354295688335,1.3037571887524408,1.0004896105848362
26,M12.02,169161.0,233011,287875,336480,12075,12,075,Eduardo Neri,12,Guerrero,12075,Eduardo Neri,,,Chilpancingo,51091,31980998327,31973548278,31973670650,31973827461,31974016955,31974980124,31976246313,31977060586,31978151544,31979479691,4.904877383958108e-05,6.756228587638183e-05,8.347027842747088e-05,9.75634538785077e-05,9.270968641523318,9.271615051016932,9.27216747884859,9.272992912698813,1.9891109652934187,1.0002183451647575
27,M13.01,276512.0,375022,512196,665929,13022,13,022,Epazoyucan,13,Hidalgo,13022,Epazoyucan,,,Pachuca,15748,8345676586,8308477182,8309106747,8309896974,8310859395,8313228569,8316961428,8320792612,8326812022,8334816032,0.0002321784696239478,0.00031489423256608084,0.0004300749458522869,0.0005591597330249896,6.978368445459541,6.983492131532966,6.991763366921689,7.00760335071857,2.4083186263163987,1.0041893610931436
28,M13.02,140438.0,169901,205812,256795,13010,13,010,Atitalaquia,13,Hidalgo,13010,Atitalaquia,,,Tula,29387,3950156064,3932247922,3932789755,3933580904,3934597026,3936438886,3939422595,3940995674,3943211604,3946131524,0.0002362538160866092,0.0002858183654490308,0.0003462301542062491,0.00043199702859596977,6.619031616482173,6.62714949833067,6.63352361242683,6.645206028693516,1.8285293154274485,1.0039544171606865
29,M13.03,147137.0,193638,239579,268351,13016,13,016,Cuautepec de Hinojosa,13,Hidalgo,13016,Cuautepec de Hinojosa,,,Tulancingo,62321,5353760919,5333242424,5333682164,5334259384,5334969492,5335797076,5337107427,5338848072,5341663407,5345981577,0.000217474639720106,0.00028620506253438554,0.0003541077819277495,0.0003966340012609348,7.885308033944262,7.888467991289254,7.895201920274294,7.913082548965308,1.823817258745251,1.0035223119885088
30,M14.01,3058220.0,3772833,4521755,5268642,14002,14,002,Acatlán de Juárez,14,Jalisco,14002,Acatlán de Juárez,,,Guadalajara,24866,21470615811,21372111182,21374738825,21378172725,21382352280,21389032997,21398780985,21409972929,21426898253,21448181247,0.0008529771310891538,0.0010522919438164964,0.0012611759805991841,0.0014694924295491566,5.963814736589266,5.968396914999718,5.976239184879813,5.988432577507244,1.7227805717051095,1.0041278681523995
31,M14.02,121050.0,146184,164256,184603,14047,14,047,Jamay,14,Jalisco,14047,Jamay,,,Ocotlán,25043,8122510467,8113551730,8113809546,8114141350,8114552284,8115324741,8116619917,8117555765,8119055129,8120816557,9.709391185670492e-05,0.00011725383239042174,0.00013174933982598036,0.00014806961925223708,6.50866273621908,6.510321179641252,6.512274457289169,6.515045975531277,1.5250144568360182,1.0009807297705988
32,M14.03,151288.0,244536,379886,479471,14067,14,067,Puerto Vallarta,14,Jalisco,14067,Puerto Vallarta,,,Puerto Vallarta,297079,16218682135,16211058989,16211316618,16211606563,16211921738,16213970457,16216766012,16217092607,16217534717,16218044714,0.0001036535487222318,0.00016754153792990638,0.00026027531601907454,0.00032850504110965316,11.107445532697847,11.110764541416865,11.111291212409743,11.112077355048735,3.169259954523822,1.0004170015812595
33,M15.01,92830.0,127413,157944,183281,15006,15,006,Almoloya del Río,15,México,15006,Almoloya del Río,,,Tianguistenco,13364,1284614464,1275386089,1275737449,1276233480,1276857467,1277381853,1278241677,1279148063,1280578039,1282338293,0.00030375224964561734,0.00041691247855323753,0.0005168140182917956,0.0005997200912129525,4.178049424518524,4.182578745874572,4.1902236366802015,4.2034313623537525,1.9743725088872133,1.0060750688314688
34,M15.02,1156444.0,1605571,2014091,2353924,15005,15,005,Almoloya de Juárez,15,México,15005,Almoloya de Juárez,,,Toluca,177051,10022638583,9911853023,9919379952,9930022124,9943923415,9952609882,9965553388,9975617303,9990583559,10008307173,0.0004763950065126898,0.0006614120588645762,0.0008297011312801571,0.0009696947187329234,4.096381199652222,4.105291627764784,4.1156027612710835,4.12880777021855,2.035484640847287,1.007915906500372
35,M16.01,219004.0,229372,249512,261450,11023,11,023,Pénjamo,11,Guanajuato,11023,Pénjamo,,,La Piedad-Pénjamo,159281,10495210029,10477432381,10477656713,10477940910,10478270113,10479138797,10480401617,10482105476,10484700450,10488433844,0.00011804744852718007,0.0001236360037422894,0.0001344918584907753,0.00014092667447823432,5.647992967335102,5.649141889769055,5.65145904501414,5.657123914085229,1.193813811619879,1.0016166710551757
36,M16.02,542985.0,679109,829625,988704,16022,16,022,Charo,16,Michoacán de Ocampo,16022,Charo,,,Morelia,23250,8419135540,8376052407,8378379632,8381895902,8386418774,8390102343,8396287405,8399870109,8405635122,8412778681,0.0003049810787032201,0.0003814385210955461,0.00046597958952670696,0.0005553302806489839,4.710441437887707,4.71598440081984,4.721234779401334,4.728817626155083,1.8208679797784468,1.0039011605408295
37,M16.03,185445.0,216048,250113,273641,16043,16,043,Jacona,16,Michoacán de Ocampo,16043,Jacona,,,Zamora,67639,2327399782,2315256840,2315732946,2316341647,2317055425,2317856697,2319136082,2320072737,2321425257,2323427413,0.00040660316520511387,0.0004737027185215802,0.0005483929869176664,0.0005999800303588264,5.080331471652944,5.084893480452892,5.089912681837175,5.103012311245339,1.4755911456226913,1.0044644408970063
38,M17.01,279697.0,372256,434147,483455,17002,17,002,Atlatlahucan,17,Morelos,17002,Atlatlahucan,,,Cuautla,23371,6957006194,6917759238,6919137211,6921409955,6924524209,6928532181,6936023779,6939129726,6943605372,6949342435,0.00028400239566290483,0.00037798616288301374,0.0004408298554144776,0.0004908968569387933,7.0311138989041035,7.042790482596789,7.050488779592971,7.06409588139189,1.7284954790362428,1.0046908616418413
39,M17.02,587495.0,798782,924964,1028589,17007,17,007,Cuernavaca,17,Morelos,17007,Cuernavaca,,,Cuernavaca,397179,8851224271,8792153226,8794720976,8798609313,8803675254,8810251195,8821042520,8825997073,8833055357,8841764211,0.0004911407914521979,0.0006677749149827139,0.0007732619869527242,0.0008598915999949357,7.359797159018696,7.374316044743002,7.384358673653488,7.399547730244246,1.7508046876994698,1.005401041681813
40,M18.01,268185.0,342840,429351,491153,18008,18,008,Xalisco,18,Nayarit,18008,Xalisco,,,Tepic,58908,13964103975,13953661645,13954164955,13954742334,13955374393,13956475417,13958025690,13959159923,13960707744,13962493054,0.0001247652028379928,0.00015949625124812148,0.0001997429558092177,0.00022849452306985358,6.4923284927299285,6.493561930871468,6.494809677804862,6.496389674633916,1.8313962376717565,1.0006255354929336
41,M19.01,2704299.0,3426352,4226031,5341177,19001,19,001,Abasolo,19,Nuevo León,19001,Abasolo,,,Monterrey,2997,51011210541,50813713603,50822134093,50833276330,50847543889,50855702082,50869807012,50886698451,50916679470,50957361801,0.00035168458183413215,0.0004455850371340382,0.0005495804809501758,0.0006946012995408734,6.6125444005620855,6.615439641473899,6.6215352399233565,6.63382867351741,1.9750689550230947,1.003218772028739
42,M20.01,366327.0,508593,619367,713925,20045,20,045,Magdalena Apasco,20,Oaxaca,20045,Magdalena Apasco,,,Oaxaca,8627,7680496415,7671718008,7671932649,7672164559,7672410518,7674375083,7676763541,7677648939,7678738482,7679801857,0.0005745942643394269,0.0007977425106071409,0.0009714946638416436,0.001119811562261382,12.034392980316195,12.041220820055928,12.044318570893319,12.047075938542696,1.9488735474043681,1.001053892643131
43,M20.02,129654.0,152196,168618,179870,20079,20,079,Salina Cruz,20,Oaxaca,20079,Salina Cruz,,,Tehuantepec,88767,35439660080,35436585990,35436690495,35436810328,35436947899,35437348848,35437907269,35438240808,35438668750,35439163132,7.52954655812099e-05,8.838654171562638e-05,9.79234795330067e-05,0.00010445798351066858,20.579708229844687,20.580265375870376,20.580707599530474,20.58128330605626,1.3873077575701482,1.0000765354005015
44,M21.01,1776884.0,2235439,2687849,3152260,21001,21,001,Acajete,21,Puebla,21001,Acajete,,,Puebla-Tlaxcala,68027,19844758015,19728339590,19737005209,19748094654,19761592028,19776237590,19798315921,19807291311,19819825445,19834050824,0.0007387983227944086,0.0009294577383268745,0.0011175621667619431,0.0013106564080783566,8.216535826780902,8.231805000545133,8.240748296931,8.251114837965167,1.7740381476787455,1.0042084659415174
45,M21.02,164636.0,240507,296899,357621,21149,21,149,Santiago Miahuatlán,21,Puebla,21149,Santiago Miahuatlán,,,Tehuacán,25745,6200515148,6185864171,6186420114,6187148352,6188018540,6189424963,6191288379,6192754958,6194971965,6197658017,0.0002531009880474968,0.00036974027146152304,0.00045643377056241494,0.0005497839381820127,9.51306887029707,9.518095714253777,9.523758626716166,9.532280366154856,2.1721919871717,1.0020194845763988
46,M21.03,76282.0,102727,122500,138806,21054,21,054,Chignautla,21,Puebla,21054,Chignautla,,,Teziutlán,34695,5479653655,5476153348,5476158314,5476163562,5476168885,5476458569,5476846386,5477378088,5478126250,5478963385,0.0003150807634665144,0.0004243111296062587,0.0005059829779587323,0.0005733344754166514,22.61916930805919,22.621967707843268,22.62725415190941,22.633563057464094,1.8196429039616162,1.000636351813317
47,M22.01,628052.0,873298,1161458,1594212,11004,11,004,Apaseo el Alto,11,Guanajuato,11004,Apaseo el Alto,,,Querétaro,69580,21330490959,21231441160,21234455730,21239122378,21245069522,21255299532,21273422536,21280257244,21290898284,21306088711,0.00025744322100420424,0.00035797139411470637,0.00047609033739419833,0.0006534794447650106,8.708513193496605,8.720135306393844,8.727298746450684,8.743528080614372,2.5383439587804832,1.0040207652373905
48,M23.01,187431.0,431128,677379,934189,23003,23,003,Isla Mujeres,23,Quintana Roo,23003,Isla Mujeres,,,Cancún,21200,13366789230,13357596663,13358119884,13358681669,13359303977,13359459236,13359660411,13361166884,13363305615,13365618553,0.00010329674108097592,0.00023760273054488845,0.00037331627733240704,0.000514849087150449,7.362563097535738,7.362759535001315,7.364768475324822,7.366688360918351,4.984175509920984,1.0005603026185261
49,M23.02,172563.0,208164,244553,233648,23004,23,004,Othón P. Blanco,23,Quintana Roo,23004,Othón P. Blanco,,,Chetumal,258539,117768391654,117759106814,117759666371,117760570053,117761674266,117762396185,117763434772,117764279837,117765456179,117766874667,1.7237232225766565e-05,2.079339840547783e-05,2.4428277513185853e-05,2.3338982488053095e-05,11.763155059996176,11.763330916064724,11.763532833404373,11.763826056541824,1.353986659944484,1.0000570422256805
50,M24.01,121212.0,128935,135452,146049,24024,24,024,Rioverde,24,San Luis Potosí,24024,Rioverde,,,Rioverde,99724,24821228550,24808881693,24809153037,24809544931,24810048049,24811085278,24812655301,24814109504,24816191083,24818669038,3.367159077693221e-05,3.581696991076588e-05,3.762733321714865e-05,4.057108340246983e-05,6.892005618766734,6.8927298896507745,6.893712097720772,6.895111460220988,1.204905454905455,1.000450644068803
51,M24.02,677855.0,872790,1065039,1271366,24028,24,028,San Luis Potosí,24,San Luis Potosí,24028,San Luis Potosí,,,San Luis Potosí,848151,22314324412,22272117988,22273507905,22275240812,22277356592,22280046384,22284145298,22289427427,22297415851,22306919155,0.0002808646908684301,0.0003616347058634326,0.0004412917947021441,0.000526782008793374,9.230473880959591,9.233286735939028,9.238785300921212,9.245791250214637,1.8755722093958147,1.0016594347649521
52,M25.01,601123.0,745537,858638,1003530,25006,25,006,Culiacán,25,Sinaloa,25006,Culiacán,,,Culiacán,966609,59821602693,59800188823,59801288331,59802604823,59804113566,59806137246,59808970049,59811154842,59814239358,59817867348,9.49232699377925e-05,0.0001177276695445225,0.0001355874366025693,0.0001584673171392093,9.443661306281436,9.444428193003052,9.445260269035066,9.446423012493305,1.6694253921410427,1.000292440201136
53,M25.02,314345.0,380509,438434,501441,25012,25,012,Mazatlán,25,Sinaloa,25012,Mazatlán,,,Mazatlán,492420,35151429637,35143064749,35143094064,35143126253,35143160618,35144923010,35147501491,35148329136,35149488886,35150717977,0.00012355174775339226,0.00014955718075966066,0.00017232431555937197,0.00019708890532761381,13.81284549120261,13.814551649868806,13.815332785645506,13.816095588228666,1.5951931794684184,1.0002352952567324
54,M26.01,175109.0,180316,203430,208294,26025,26,025,Empalme,26,Sonora,26025,Empalme,,,Guaymas,60383,78311315582,78302000341,78302360053,78302773661,78303233760,78303858594,78304724899,78305694090,78306961268,78308618663,2.0418070535337137e-05,2.1025217473972505e-05,2.3720357543036817e-05,2.4287509974287524e-05,9.130318544773097,9.130492414655741,9.130753179893308,9.13126090188581,1.1895105334391722,1.0001032118548867
55,M26.02,448966.0,609829,784342,936263,26030,26,030,Hermosillo,26,Sonora,26030,Hermosillo,,,Hermosillo,907233,148904452794,148866682938,148867894684,148869464865,148871382610,148874501574,148878656049,148883035170,148889564146,148897281812,2.638540543521148e-05,3.583920700264515e-05,4.6095209146939064e-05,5.502349587493798e-05,8.749062930968808,8.749490385691267,8.750131446622097,8.751006441641458,2.0853761754787667,1.0002221392951434
56,M26.03,107936.0,159787,220292,264782,26043,26,043,Nogales,26,Sonora,26043,Nogales,,,Nogales,256387,6979255031,6965107679,6965831029,6967051952,6968805499,6969713992,6971237577,6972459146,6974271268,6976471538,6.125592865263436e-05,9.06824513750601e-05,0.00012502029938802744,0.00015026930125724348,3.954942303224411,3.956322558157386,3.958044241001388,3.9608726303316355,2.4531388971242216,1.0014994724707842
57,M27.01,437567.0,600580,755425,833907,27004,27,004,Centro,27,Tabasco,27004,Centro,,,Villahermosa,712445,18811961788,18780363913,18781353731,18782645651,18784186843,18787230027,18791913591,18795360557,18800472988,18806616907,0.00019315617120315475,0.00026511536130738994,0.0003334689330574362,0.0003681134163671145,8.291945255831804,8.295356091337068,8.29913448493697,8.304206011399701,1.9057812860659054,1.0014786344084068
58,M28.01,207923.0,263063,321953,349688,28041,28,041,Victoria,28,Tamaulipas,28041,Victoria,,,Ciudad Victoria,365089,9088794384,9075929876,9076440584,9077059062,9077787373,9079361215,9081750182,9083077615,9084974187,9087159856,0.00014142099993333656,0.00017892504679839805,0.00021897969532729667,0.00023784394523303624,6.174351887342317,6.177047233270015,6.179240073941274,6.181838420827776,1.6818149026322244,1.0012125213499423
59,M28.02,303293.0,418141,489193,541979,28022,28,022,Matamoros,28,Tamaulipas,28022,Matamoros,,,Matamoros,542609,51162488682,51145335015,51145407555,51145488322,51145592372,51147887644,51151658446,51153396227,51155945995,51159060452,6.518491026850234e-05,8.986848877020518e-05,0.00010513926074449283,0.000116484233010365,10.992409483233104,10.993713227432186,10.994634724126264,10.9960409038436,1.7869815656807113,1.000330357108333
60,M28.03,219468.0,310915,384033,425058,28027,28,027,Nuevo Laredo,28,Tamaulipas,28027,Nuevo Laredo,,,Nuevo Laredo,428927,5120662778,5104669693,5105093295,5105644581,5106324070,5107487958,5109715705,5111374846,5114086432,5117448717,0.0001786088563108812,0.00025303084075991775,0.0003125362007929932,0.00034592342959242596,4.155661427157599,4.158421629320895,4.161978642419465,4.167330646528331,1.936765268740773,1.0028080293775792
61,M28.04,376676.0,524692,727150,837251,28032,28,032,Reynosa,28,Tamaulipas,28032,Reynosa,,,Reynosa,711130,28601757331,28561117809,28563163816,28566144865,28569877522,28572499038,28576901448,28580749232,28587045825,28594848234,7.929267662852641e-05,0.00011045097931796765,0.00015306966679701648,0.0001762466225613269,6.014139631058393,6.015618211835987,6.017753667254062,6.020850532167081,2.222735188862577,1.001115853891059
62,M28.05,648598.0,746417,859419,927379,28003,28,003,Altamira,28,Tamaulipas,28003,Altamira,,,Tampico,263616,47942403137,47920942258,47921578130,47922334541,47923186841,47925612457,47929459026,47931434387,47934295380,47937856284,0.00012221451578872626,0.00014064642849881387,0.0001619392550464715,0.00017474487346188727,9.030106591178932,9.031288451210433,9.032199759389448,9.033727493973718,1.4298209368514858,1.0004009811798151
63,M29.01,303779.0,378079,463353,528184,29001,29,001,Amaxac de Guerrero,29,Tlaxcala,29001,Amaxac de Guerrero,,,Tlaxcala-Apizaco,12025,5966148731,5933159599,5935329908,5938529296,5942780838,5945133038,5948533104,5951590382,5955911469,5960953032,0.00042678680912321,0.0005311727604821074,0.0006509763623149287,0.0007420590758081814,8.349163277147452,8.357244781304646,8.36761083312158,8.381993421724275,1.7387113658284477,1.003932147867641
64,M30.01,91323.0,102992,112996,114416,30003,30,003,Acayucan,30,Veracruz de Ignacio de la Llave,30003,Acayucan,,,Acayucan,89732,5757160198,5753048054,5753162563,5753291824,5753446827,5753888327,5754530141,5754938440,5755518288,5756221682,0.00010943609155760891,0.00012341953222847756,0.00013540773519971503,0.00013710937936396505,6.894590998230528,6.89588917777007,6.897073314795402,6.899040882802249,1.2528716752625297,1.0006454167582768
65,M30.02,271825.0,307724,347257,355738,30039,30,039,Coatzacoalcos,30,Veracruz de Ignacio de la Llave,30039,Coatzacoalcos,,,Coatzacoalcos,335077,6566798259,6559043426,6559253917,6559550368,6559868065,6561255516,6563362790,6564042369,6565023067,6566147085,0.0005440535547220523,0.0006159048508168448,0.0006950295419925163,0.0007120041329889211,13.129474990420018,13.136469628731527,13.139792647599082,13.143345667070854,1.3087022900763359,1.0010564532596282
66,M30.03,237706.0,276553,316032,335950,30014,30,014,Amatlán de los Reyes,30,Veracruz de Ignacio de la Llave,30014,Amatlán de los Reyes,,,Córdoba,45984,1710303974,1693933047,1695277113,1697126740,1699502662,1700701131,1702498215,1703866699,1705912292,1708342501,0.0005135995229027294,0.0005975343022781019,0.0006828346125970541,0.0007258704438220824,3.672030812748178,3.6785031550181664,3.685879781263836,3.695368669974851,1.4133004635978899,1.0063555722750612
67,M30.04,311407.0,323389,356137,359228,30048,30,048,Cosoleacaque,30,Veracruz de Ignacio de la Llave,30048,Cosoleacaque,,,Minatitlán,131808,19169159367,19154180323,19154685609,19155272516,19155930559,19157350840,19159452165,19160793121,19162719353,19165334925,0.0001056950995965755,0.00010976192752069464,0.00012087697349457659,0.0001219260942685252,6.501742055569044,6.502937328947324,6.504046249944799,6.506232064397054,1.153564306518479,1.000690585506105
68,M30.05,330649.0,383944,430121,465175,30022,30,022,Atzacan,30,Veracruz de Ignacio de la Llave,30022,Atzacan,,,Orizaba,21935,2797418670,2779125171,2780333502,2781841728,2783641856,2784785962,2786407673,2788032831,2790519767,2793736060,0.0005124735195288836,0.0005950755422880386,0.0006666453631896148,0.0007209756250490654,4.314371853694503,4.318658598769682,4.325031941150314,4.335724564147203,1.4068543984708861,1.0049492049310527
69,M30.06,445934.0,467258,513518,521530,30033,30,033,Cazones de Herrera,30,Veracruz de Ignacio de la Llave,30033,Cazones de Herrera,,,Poza Rica,24383,14667017666,14635384327,14637183597,14640122524,14644041767,14646804406,14651135710,14653532925,14657057366,14661437077,0.00015908269449722243,0.00016668982778927634,0.00018319264086798644,0.00018605084532943533,5.224122006001395,5.226652702398283,5.2287651966067665,5.232318438481126,1.1695228441877048,1.001568958854773
70,M30.07,580016.0,708400,834256,939046,30011,30,011,Alvarado,30,Veracruz de Ignacio de la Llave,30011,Alvarado,,,Veracruz,55324,30004862096,29977293204,29978149447,29979599497,29981410610,29983583961,29986813162,29989720342,29994771720,30000659718,0.0003054582081179423,0.000373070043982839,0.00043935054010862127,0.0004945368895001539,15.78933677998342,15.79218196675962,15.7963732422863,15.801687213232267,1.6190001655126756,1.0007822008879121
71,M30.08,461108.0,591053,711139,789157,30026,30,026,Banderilla,30,Veracruz de Ignacio de la Llave,30026,Banderilla,,,Xalapa,23940,10385044230,10363112370,10363773180,10364737037,10365962077,10367795794,10370537708,10372992708,10376878300,10381559251,0.0004208206050533609,0.0005394122007829058,0.000649006185659416,0.0007202076871841199,9.460279225698391,9.46445507995796,9.470241689086052,9.477694154893246,1.7114363663176522,1.001840847270929
72,M31.01,688995.0,873423,1053519,1316088,31002,31,002,Acanceh,31,Yucatán,31002,Acanceh,,,Mérida,17279,29235703374,29195820672,29197529439,29199976679,29203003645,29205399351,29209352889,29213430018,29220427998,29229205209,0.00022520187609750977,0.00028548320122310795,0.0003443485878770853,0.00043017073666633206,9.545165361920501,9.547240647895872,9.55086060932489,9.555853451556393,1.9101560969237803,1.0011197385514692
73,M32.01,206028.0,249948,319013,384830,32017,32,017,Guadalupe,32,Zacatecas,32017,Guadalupe,,,Zacatecas-Guadalupe,188517,14007769089,13986116973,13986702456,13987384532,13988171259,13989905340,13992774477,13994789084,13997612193,14001330761,0.00011265548660616489,0.00013667080962897132,0.00017443534251991225,0.00021042387884486787,7.648689692240935,7.651206717906107,7.653851966367688,7.659405726348313,1.8678529131962647,1.0014010287432955
